{
    "config": "configs/stdc/stdc1-entext_2x24_512x1024_60k_cityscapes.py",
    "metric": {
        "aAcc": 0.9533,
        "mIoU": 0.7263,
        "mAcc": 0.8018000000000001,
        "IoU.road": 0.9791000366210938,
        "IoU.sidewalk": 0.8291999816894531,
        "IoU.building": 0.9109999847412109,
        "IoU.wall": 0.4261000061035156,
        "IoU.fence": 0.54,
        "IoU.pole": 0.5570000076293945,
        "IoU.traffic light": 0.650199966430664,
        "IoU.traffic sign": 0.7468000030517579,
        "IoU.vegetation": 0.914000015258789,
        "IoU.terrain": 0.5945000076293945,
        "IoU.sky": 0.9408999633789062,
        "IoU.person": 0.7858999633789062,
        "IoU.rider": 0.5702999877929688,
        "IoU.car": 0.9376000213623047,
        "IoU.truck": 0.5829999923706055,
        "IoU.bus": 0.8420999908447265,
        "IoU.train": 0.6744999694824219,
        "IoU.motorcycle": 0.5754000091552735,
        "IoU.bicycle": 0.7422000122070312,
        "Acc.road": 0.9894999694824219,
        "Acc.sidewalk": 0.9108999633789062,
        "Acc.building": 0.9636000061035156,
        "Acc.wall": 0.47569999694824217,
        "Acc.fence": 0.6224000167846679,
        "Acc.pole": 0.6569999694824219,
        "Acc.traffic light": 0.7586000061035156,
        "Acc.traffic sign": 0.8238999938964844,
        "Acc.vegetation": 0.9634999847412109,
        "Acc.terrain": 0.6898999786376954,
        "Acc.sky": 0.9763999938964844,
        "Acc.person": 0.9059999847412109,
        "Acc.rider": 0.7038999938964844,
        "Acc.car": 0.9741999816894531,
        "Acc.truck": 0.6405000305175781,
        "Acc.bus": 0.8995999908447265,
        "Acc.train": 0.764000015258789,
        "Acc.motorcycle": 0.6597000122070312,
        "Acc.bicycle": 0.8544000244140625
    }
}