{
    "config": "configs/stdc/stdc1-entext_2x24_512x1024_60k_cityscapes.py",
    "metric": {
        "aAcc": 0.9528,
        "mIoU": 0.7272,
        "mAcc": 0.8073999999999999,
        "IoU.road": 0.9783999633789062,
        "IoU.sidewalk": 0.8262000274658203,
        "IoU.building": 0.9112999725341797,
        "IoU.wall": 0.4063999938964844,
        "IoU.fence": 0.5427000045776367,
        "IoU.pole": 0.5520999908447266,
        "IoU.traffic light": 0.6505999755859375,
        "IoU.traffic sign": 0.7437000274658203,
        "IoU.vegetation": 0.9119999694824219,
        "IoU.terrain": 0.5990000152587891,
        "IoU.sky": 0.9383999633789063,
        "IoU.person": 0.7869999694824219,
        "IoU.rider": 0.5675,
        "IoU.car": 0.9383000183105469,
        "IoU.truck": 0.5934999847412109,
        "IoU.bus": 0.8513999938964844,
        "IoU.train": 0.6906999969482421,
        "IoU.motorcycle": 0.5858000183105468,
        "IoU.bicycle": 0.7425,
        "Acc.road": 0.9912000274658204,
        "Acc.sidewalk": 0.8993000030517578,
        "Acc.building": 0.9641999816894531,
        "Acc.wall": 0.447599983215332,
        "Acc.fence": 0.632400016784668,
        "Acc.pole": 0.6544999694824218,
        "Acc.traffic light": 0.7648000335693359,
        "Acc.traffic sign": 0.8183000183105469,
        "Acc.vegetation": 0.9588999938964844,
        "Acc.terrain": 0.7266000366210937,
        "Acc.sky": 0.9793000030517578,
        "Acc.person": 0.899000015258789,
        "Acc.rider": 0.6926999664306641,
        "Acc.car": 0.9723999786376953,
        "Acc.truck": 0.659000015258789,
        "Acc.bus": 0.8894999694824218,
        "Acc.train": 0.8290000152587891,
        "Acc.motorcycle": 0.6941000366210938,
        "Acc.bicycle": 0.8670999908447266
    }
}