{
    "config": "configs/tuneprompt/tuneprompt_EN_1x16_512x1024_scale0.5_160k_cityscapes_contextlength16_fixbackbone.py",
    "metric": {
        "aAcc": 0.9519,
        "mIoU": 0.7293999999999999,
        "mAcc": 0.8161,
        "IoU.road": 0.9787000274658203,
        "IoU.sidewalk": 0.8277999877929687,
        "IoU.building": 0.9102999877929687,
        "IoU.wall": 0.5513000106811523,
        "IoU.fence": 0.5540000152587891,
        "IoU.pole": 0.5154999923706055,
        "IoU.traffic light": 0.6031999969482422,
        "IoU.traffic sign": 0.7155000305175782,
        "IoU.vegetation": 0.9079000091552735,
        "IoU.terrain": 0.6186000061035156,
        "IoU.sky": 0.9337000274658203,
        "IoU.person": 0.7418000030517579,
        "IoU.rider": 0.5547999954223632,
        "IoU.car": 0.9372000122070312,
        "IoU.truck": 0.7094999694824219,
        "IoU.bus": 0.7902999877929687,
        "IoU.train": 0.7144000244140625,
        "IoU.motorcycle": 0.5790000152587891,
        "IoU.bicycle": 0.7154000091552735,
        "Acc.road": 0.9881999969482422,
        "Acc.sidewalk": 0.9094999694824218,
        "Acc.building": 0.9602999877929688,
        "Acc.wall": 0.6372999954223633,
        "Acc.fence": 0.6693000030517579,
        "Acc.pole": 0.6206000137329102,
        "Acc.traffic light": 0.7198999786376953,
        "Acc.traffic sign": 0.7994999694824219,
        "Acc.vegetation": 0.9591000366210938,
        "Acc.terrain": 0.7268000030517578,
        "Acc.sky": 0.9698999786376953,
        "Acc.person": 0.8712999725341797,
        "Acc.rider": 0.6944000244140625,
        "Acc.car": 0.9719000244140625,
        "Acc.truck": 0.7704000091552734,
        "Acc.bus": 0.895,
        "Acc.train": 0.7987000274658204,
        "Acc.motorcycle": 0.7019000244140625,
        "Acc.bicycle": 0.841500015258789
    }
}