{
    "config": "configs/stdc/stdc1_2x12_720x960_10k_camvid.py",
    "metric": {
        "aAcc": 0.9337000000000001,
        "mIoU": 0.6861,
        "mAcc": 0.7519,
        "IoU.Bicyclist": 0.6383000183105468,
        "IoU.Building": 0.8833000183105468,
        "IoU.Car": 0.9029000091552735,
        "IoU.Column_Pole": 0.2709000015258789,
        "IoU.Fence": 0.5013999938964844,
        "IoU.Pedestrian": 0.6498999786376953,
        "IoU.Road": 0.9508999633789063,
        "IoU.Sidewalk": 0.8643000030517578,
        "IoU.SignSymbol": 0.17120000839233399,
        "IoU.Sky": 0.9165000152587891,
        "IoU.Tree": 0.7979000091552735,
        "Acc.Bicyclist": 0.7269999694824218,
        "Acc.Building": 0.9469000244140625,
        "Acc.Car": 0.9362000274658203,
        "Acc.Column_Pole": 0.3356999969482422,
        "Acc.Fence": 0.5613000106811523,
        "Acc.Pedestrian": 0.8151000213623046,
        "Acc.Road": 0.9794999694824219,
        "Acc.Sidewalk": 0.928499984741211,
        "Acc.SignSymbol": 0.1715999984741211,
        "Acc.Sky": 0.9458999633789062,
        "Acc.Tree": 0.9230999755859375
    }
}