{
    "config": "configs/entextnet/entextnet_stdc1_1x16_720x960_10k_camvid.py",
    "metric": {
        "aAcc": 0.9684999999999999,
        "mIoU": 0.7659,
        "mAcc": 0.813,
        "IoU.Bicyclist": 0.8644000244140625,
        "IoU.Building": 0.9459999847412109,
        "IoU.Car": 0.9408000183105468,
        "IoU.Column_Pole": 0.273799991607666,
        "IoU.Fence": 0.8401000213623047,
        "IoU.Pedestrian": 0.7081999969482422,
        "IoU.Road": 0.9788999938964844,
        "IoU.Sidewalk": 0.9304000091552734,
        "IoU.SignSymbol": 0.0628000020980835,
        "IoU.Sky": 0.9437000274658203,
        "IoU.Tree": 0.9362000274658203,
        "Acc.Bicyclist": 0.9640000152587891,
        "Acc.Building": 0.9675,
        "Acc.Car": 0.9697000122070313,
        "Acc.Column_Pole": 0.32029998779296875,
        "Acc.Fence": 0.941500015258789,
        "Acc.Pedestrian": 0.8131999969482422,
        "Acc.Road": 0.984800033569336,
        "Acc.Sidewalk": 0.97,
        "Acc.SignSymbol": 0.06289999961853027,
        "Acc.Sky": 0.9705000305175782,
        "Acc.Tree": 0.9790000152587891
    }
}